SST,access_cm2,cams_csm1_0,canesm5_canoe,cesm2,ciesm,cmcc_cm2_sr5,cmcc_esm2,cnrm_cm6_1,cnrm_cm6_1_hr,cnrm_esm2_1,ec_earth3_cc,fgoals_f3_l,fgoals_g3,fio_esm_2_0,hadgem3_gc31_ll,ipsl_cm6a_lr,kiost_esm,mcm_ua_1_0,miroc_es2l,miroc6,nesm3,noresm2_lm,noresm2_mm,ukesm1_0_ll
-4.0,,,,,,,,,,,,,,,,,,,,,,,,
-3.75,,,,,,,,,,,,,,,,,,,,,,,,
-3.5,,,,,,,,,,,,,,,,,,,,,,,,
-3.25,,,,,,,,,,,,,,,,,,,,,,,,
-3.0,,,,,,,,,,,,,,,,,,,,,,,,
-2.75,,,,,,,,,,,,,,,,,,,,,,,,
-2.5,,,,,,,,,,,,,,,,6.081203873553739,,102.27113344787291,,,,,,
-2.25,,1159.5711757473632,,,,,,,,,,,,,342.1015178523116,27.159310571206525,,2327182.326354285,,,,978.3345800217171,795.0876399143048,429.945199092182
-2.0,2534768.9969188822,2550956.572665569,5006366.921498075,2269070.9677412664,839339.4534046778,2729925.710226959,2850458.1883422914,1404230.0267357654,687499.1607528448,1142700.17812531,690230.2152352844,4959050.00227362,10728960.51924376,3084396.090245096,2000224.0294014448,4643303.566033783,4217734.050114766,12080739.211075587,1134847.926712123,1656073.0072184997,4223159.561359619,4588400.32002009,5182855.060250722,2982390.09749653
-1.75,3282068.700145314,7076911.588787051,1902001.440084966,2429278.6088458695,583604.1449548062,1862610.1771223343,1967310.0406857892,3389490.9338021125,3260075.5527720973,3046720.9503650023,1778626.366011308,3569647.203692141,6529212.432082472,1737081.1815845866,1076103.576759762,1444667.437320256,5781418.962893002,886396.326648797,3965888.1816777377,2402868.4264081926,2057567.4026749125,4713926.482383386,5591542.677048233,1188362.269187357
-1.5,1122583.9102065843,3778655.1195488414,1079758.0373947818,1060684.49937311,278671.63428884157,744152.3936045035,786632.3596990623,1072376.9334467559,994927.2020215325,999092.979892812,884524.0238971751,1231119.6382977837,2330756.061863043,774383.6641072622,719723.7325072077,1035633.5445656154,1331399.6801415014,738337.3720176383,751010.7770149861,692158.2600741187,931053.226709411,1799558.597873368,1940173.8786126194,781795.7223453214
-1.25,778953.2022545662,1826036.5290061692,958141.4841230079,725190.7639567979,248708.32026323496,618137.1526178889,630516.0084405722,742822.3956022407,704877.5314022041,679396.2381530539,567527.9972159442,923021.3103259658,1591243.641369238,610910.6463276328,505107.8447626206,732456.4032824102,863349.4163036509,679135.7731202173,553947.3133705159,487806.87146407005,826754.6520079122,1252629.5969640396,1385453.864400479,595800.1112643932
-1.0,774318.5455483703,1141504.0508961617,875946.9584712278,717401.9738275978,255333.0788617651,594279.4405703003,620661.1834566819,694133.4045721049,670688.4502160883,640322.2733559075,530343.1113611645,873083.3645298373,1380495.6813854882,591881.7175787363,489581.8123607383,651296.0378327451,770533.0217437347,646262.4440800927,494061.5126500274,459206.49809145206,815327.7688280714,1108816.0828965758,1214694.4601952992,590420.1822734674
-0.75,764239.389197299,1043993.6894689163,831627.4287265268,750238.3375569265,272683.9377301475,628173.0634105585,662400.1320149023,690355.1469919907,699230.8370549516,637966.3542439712,544679.1920665331,887534.1702921734,1288738.8336563471,603785.0107814797,513474.22891509807,642722.0111400485,1068265.3654273658,673423.4228699424,492954.4324919085,473461.49470642844,832091.0994322319,1035292.1524204232,1165829.2590143392,635742.7347498031
-0.5,779905.504504453,1059426.2769754112,874313.8899285106,775760.7696954951,298544.40109569015,683216.3804006658,730760.1511912625,700804.1021497918,730327.8807433555,648840.1496664168,558264.0509824138,937737.6872719906,1244572.5597330586,643421.4417619787,566819.7012867142,661665.4981006925,903895.5914107453,669794.0492838044,506383.89533826616,518941.7371380185,876763.613647441,1052904.2163095293,1201928.416449081,683985.3738866602
-0.25,811747.9268854676,1028604.1346786778,927033.9887644161,798992.9287525379,323375.11013194645,768655.0329320296,818160.2343321533,738146.1966921308,747799.6188405923,664887.6577479858,581271.1954965745,1003680.6509684089,1215075.2552253224,696225.2296528112,638920.0486270288,675986.1070021174,946266.7316818653,716321.5582107992,503075.98607783427,571399.3515187231,948844.3631753181,1079643.3572671793,1247872.428924239,755242.9063894749
0.0,820172.6876618139,1026043.5352609317,951105.9360763015,849235.8857987144,356366.3709537775,879894.682007692,915918.3982334462,772252.9780840133,791418.4649585955,688562.2979030537,619561.0653391029,1023387.6436709292,1175319.1528340434,757248.9887724464,703244.6006076598,689110.305975504,1027607.4375430129,724251.9781843713,513862.8900274508,635299.4876854311,1022947.6606741024,1148288.89759801,1261814.5261202545,823476.7587779363
0.25,822707.4571828751,1025446.2856003483,983525.3114587123,883673.8944379669,374336.2937185814,976760.0623854453,1010466.2671146754,819533.1249867353,831390.071640869,733111.5752595338,634524.54123731,1074498.103633037,1154113.5112247756,811304.9576248906,771387.3231658736,713496.8409131856,1099670.7482708837,715682.5542780594,524710.9100867528,703315.1200892772,1082609.02076583,1202020.3752573223,1284575.9279617397,881801.5439761822
0.5,840269.5685783372,1039439.0925361554,1018339.8928671606,950226.8515505574,407296.575786717,1039322.7546086474,1066983.1455538508,859508.2664794037,857913.8500348203,787927.8916570977,663437.8200335503,1100577.8228784439,1155056.3200713142,867577.5849732666,827469.538295847,747417.8064189029,1187819.2689733,734701.1011268081,536582.5899996089,778716.4861066974,1142844.0159099193,1257935.3679049774,1310878.6045858678,949298.5597349983
0.75,877271.823906624,1065366.0011136294,1056642.5821540519,990647.9985826593,434099.4744805793,1106553.414273197,1174436.0284700447,897322.4421323737,895304.1132917277,829767.6832316825,684978.6692118816,1095402.1731431375,1178339.3476867964,922771.346946189,889219.712636413,778215.7957224719,1279456.853834416,770348.5526099746,593899.0693148808,848377.7106291616,1174766.986387605,1295267.1399414358,1323965.0319522873,992431.2938989437
1.0,901020.7882910912,1089957.9001834034,1085144.6865410118,1038159.0486489516,473171.40467211785,1159307.2138478486,1255033.6762911514,933754.835940809,924931.7714680596,870771.4596208171,709713.1215953574,1109661.6061337104,1195931.3531845808,969193.1000844475,956946.7850426526,812289.0687998966,1338441.6751870927,761729.0979949597,667246.1076053977,919896.4418261268,1233711.9955167284,1317427.665060354,1339175.3949378945,1020272.3961591684
1.25,965980.4475380454,1138415.554566892,1140670.4101422736,1081907.179181184,499997.15574959735,1228114.1008442587,1325790.370816471,969711.1942017638,943132.8668347652,901035.885023816,730703.0655808954,1115129.5401204247,1228212.3005104319,1008957.558889445,1002273.5548152887,819603.0944089312,1418781.1141876308,757997.8260813374,725816.2027104804,996730.7837527413,1281373.2870536032,1320504.3838228818,1350681.2537436918,1049596.3491429288
1.5,970064.8916982881,1177693.86860919,1157206.026224707,1122656.3585357124,533011.9223509097,1305979.8314223,1401236.3401839156,993123.401826174,970712.3638809775,931138.021236575,751390.6261077992,1127310.3211136695,1244227.568645759,1035758.1668108449,1042841.2803665309,850398.6391781172,1473390.0031185332,758410.7994154944,750556.4461830583,1094607.1455380484,1324660.3657529752,1306208.7854362077,1338931.9162059373,1070576.9480430647
1.75,997298.3972937808,1199764.0473361413,1188792.0997764305,1176728.3129232652,573061.2288834227,1401808.528252905,1469397.7045913392,1029940.8237271778,989198.1850650707,951440.821173415,769524.9825301893,1161997.435255094,1235054.391522841,1043272.6734097817,1079344.3530295726,870767.01051964,1501084.140836322,791561.6344190149,808962.9756731156,1099258.9663379553,1380961.5800889912,1301642.4174911182,1341618.1477533325,1095162.8896296024
2.0,1037141.1365665522,1283122.8376592835,1217067.1896972258,1228539.7048321348,631983.6988852024,1468669.0391048808,1519465.50908425,1056902.2132314155,1014542.0461352107,985978.3033186089,792486.0284819567,1186260.6060709772,1241944.1631412362,1060458.3656099169,1088800.7880380424,900660.0370915297,1523886.1078490452,823970.9494184544,855566.5263298027,1106724.7171366431,1437386.625623851,1309830.8227770366,1339569.4181772326,1108418.5685608496
2.25,1078666.7206346917,1344787.5569599508,1222937.7063826504,1250361.8880127524,691123.2611275685,1496200.4219695872,1539022.9009995135,1097061.5654655586,1047862.5510555542,1021274.7248509075,809708.6541760239,1209918.6624180404,1263830.3011654725,1096400.779786493,1121314.011599967,960692.1911101377,1570577.0392372608,845619.8051267393,888378.5243733833,1147131.854578421,1497948.7727347794,1294785.0246471637,1327795.566345381,1130157.2443507512
2.5,1105623.3861995973,1410024.910442237,1215619.5852745012,1262429.3880035768,750524.7429364513,1502515.4989912221,1521066.3798877723,1128685.6596494443,1084686.8473256177,1055510.809068676,824728.4096780148,1228228.4786168446,1260122.3339823594,1104109.881647865,1150101.584580696,987451.9499070753,1604509.6148351973,897028.7921329881,957146.806079561,1211110.1303804931,1540297.5107497699,1277181.9940837224,1320541.8561097854,1138105.154661493
2.75,1144547.4032832312,1454403.6396976986,1187447.4294678983,1297036.095612049,805899.6909305959,1484278.8339074561,1490832.0927458098,1165915.2146590985,1120849.1431032636,1076507.1998354306,842107.1832408182,1254551.587853439,1268973.1919298533,1138135.7522240407,1181547.9915944121,1026458.6987330986,1620345.3088687658,899287.8714452295,1001907.3553780589,1273449.8820318994,1569875.6199128085,1287418.41236082,1312900.610196352,1159394.479721947
3.0,1170922.093548558,1534262.1047983407,1191795.6842519478,1319035.4098820614,863797.7464887988,1464414.9613726211,1431049.3511727399,1174438.9173468242,1170761.7548492749,1092024.6467006856,869121.7413214229,1274952.7307530064,1249897.7142009735,1165044.8062057712,1210945.4104791917,1053894.4807324265,1600032.10113887,931985.2248771082,1037297.5967470516,1337033.6369439147,1607582.327354211,1293739.2162591508,1335292.4956784681,1194918.98997391
3.25,1219319.4894939444,1593339.3615519286,1180886.691671617,1341652.056763548,927723.9200266473,1437142.258807316,1394227.6364804578,1199425.1754735203,1191882.64587303,1112741.833825881,890902.9893336531,1302848.7767580785,1231507.2310218017,1193584.7767697899,1233118.043886835,1100008.6464952014,1600914.483964855,966306.7575402947,1078939.0308571367,1390856.7536907159,1644077.9423411074,1291960.9006999189,1348522.917644508,1220899.8893065236
3.5,1255068.618181608,1651816.1719213962,1177906.2115034985,1368621.867350188,987309.2549171972,1389217.7912400167,1371911.4834242805,1253703.337931821,1216983.3822870653,1147775.7449849339,908507.3179778077,1306275.839728937,1198280.4116372701,1228080.9168933847,1269365.8224748662,1151092.6972723694,1595076.5381392927,1029526.6804772688,1137972.1605109302,1440103.2989939197,1671461.7000124815,1305013.129462842,1358185.8630909414,1243127.4219623732
3.75,1290842.1478031187,1706167.2035229444,1181439.6833025578,1397377.4374525584,1015172.0872640483,1341644.7602256031,1320748.0934708081,1288196.6371700186,1224598.4144833197,1177419.687013254,935137.3586625258,1304850.887868202,1196676.138512886,1268122.0162923154,1300870.293263782,1207390.9734683326,1579988.2838025454,1095548.877632907,1192232.5690475088,1501483.0468977652,1676112.6952116056,1328049.2928220865,1401979.4521963596,1255424.1360932626
4.0,1326453.1670456294,1732962.2100654363,1160909.2915702553,1419454.322987842,1033734.9341110642,1311242.4713981478,1295975.2378228144,1320900.933727286,1263865.9775863597,1225498.229090893,973351.3820492716,1314992.2533967134,1190825.3344096271,1307464.1837129702,1345201.175849044,1271349.4910516017,1564104.6965715308,1091744.3691268545,1247045.644065409,1532216.7147775672,1696433.2323306256,1341528.1461033027,1426966.0445059356,1254300.3752156605
4.25,1355573.5656500296,1765770.422084832,1163294.8493511858,1451639.5925846605,1071172.5255899664,1275513.4617033582,1302547.0378392574,1389965.32278442,1313977.7983618253,1279649.5463277895,1010176.061559818,1325811.377139041,1189168.2303843065,1350408.1546045109,1373253.8761860603,1329748.8277211983,1567176.298399795,1122554.4100725579,1296013.2097920722,1550679.9270459486,1690490.5903145545,1349970.5382270813,1403337.965296637,1268866.2979887326
4.5,1395513.7097440886,1744505.3354450227,1149845.0362881965,1471859.4583101163,1122497.6985108743,1244344.799429442,1299731.7250855546,1440453.7555333267,1345332.6160067283,1305714.919340437,1064199.6070589044,1350628.224532821,1163338.9728328604,1386040.8824064226,1416229.8293056162,1379453.0122251366,1578130.4128106795,1198937.7703721595,1366769.6514638157,1593106.9281865503,1706433.2020922357,1393840.6337187001,1381953.6585934667,1291906.6679668825
4.75,1435096.2412665144,1702340.179743123,1140392.3451513883,1518513.6491696653,1127054.728205789,1241287.862171549,1283363.3588286168,1454508.5489874897,1395305.7723467387,1356760.7293228526,1106672.0662691304,1376215.3515174966,1170690.972700827,1413387.869869626,1415626.813545888,1423936.0789573842,1551676.6302414807,1254332.8774107585,1408829.1118416316,1596371.1857888012,1698521.65449883,1426824.5278654892,1398912.6510111925,1314310.6276950222
5.0,1474843.7544729204,1702501.6159612178,1143594.566018083,1532111.650041024,1154541.4872818247,1250748.1506914154,1291017.3490272798,1486502.8952926975,1453136.8689173858,1397800.407453714,1172415.2339389469,1427989.5218987176,1172108.5134084874,1439351.6824386553,1423848.1004952951,1446439.3694343893,1533869.9515272416,1264129.1972591227,1474062.0738795996,1586967.1810420896,1683744.274286393,1438576.5996659019,1385774.8914425084,1336333.5098612346
5.25,1512185.5457470706,1625771.702583766,1129053.3336918787,1557532.7393397852,1198398.3298872095,1261574.1796993488,1284934.181718335,1524372.6298369423,1529356.092154958,1437606.9177094914,1223178.4783742318,1426952.451279474,1170916.629658439,1463331.1156053653,1439846.6992610078,1486370.6015451027,1515545.1136044879,1272279.8492879146,1564165.4138780688,1586445.9740108578,1670577.4112212802,1387541.1481613752,1356155.4474110748,1328961.2421795889
5.5,1526830.9672327908,1599714.9937888463,1134349.947963216,1594119.3284455356,1271561.6234556653,1254238.2055095036,1295326.827654275,1546530.694946318,1572195.3259145997,1458495.8023278099,1258602.1675019227,1449297.670104843,1175109.620250774,1493953.4569913403,1450165.8750283069,1548857.3946020748,1529286.8373951335,1285379.1042626842,1608581.8585353368,1591470.1518104293,1662933.6821622343,1377592.3611602928,1334564.800783988,1347476.8517010645
5.75,1539728.661594398,1601282.9000513554,1140804.9430794932,1612328.4353573322,1339823.0836212563,1256675.9143733978,1321150.745772304,1559779.9631915237,1596395.097829573,1477637.3589167378,1302416.2888618058,1456785.5189156965,1194490.7677017632,1531254.3204523579,1448136.568933487,1621904.2957257142,1496177.1250913865,1276195.0066775482,1645886.1025021402,1596119.2028575304,1657593.088342161,1401328.1223666524,1335750.8012714458,1351803.874844226
6.0,1568122.486811797,1599882.7589607001,1147853.115343513,1611722.3198196383,1401422.2770687232,1302991.611444343,1348444.6227905967,1589072.912904313,1627974.9820939845,1513969.7027546277,1350241.345476519,1442376.0320316516,1221970.2383937258,1558834.8454278237,1438085.3071512382,1650506.4265439294,1510163.3929742249,1315366.1966600707,1707070.9947138843,1623169.3206627513,1656570.433003541,1395936.4801053856,1348583.6066570715,1374482.8438015273
6.25,1590089.7864555158,1585266.7878477573,1170336.4126695432,1624656.0427263072,1477500.32806196,1338028.846516024,1376478.5803962692,1593685.470673655,1643444.7536598046,1551903.8508125506,1408728.2660115631,1457487.0727716503,1239040.6227650137,1565450.6440713694,1420033.772479722,1673585.8254016528,1541195.0054289284,1313458.4500756047,1732933.9642426101,1639775.2501104095,1690123.1001205805,1400509.5468279086,1393046.5944181066,1371347.1243469932
6.5,1600797.5414346566,1636559.7127269348,1187497.8373032121,1616157.144251296,1557214.2867742272,1390048.6132106348,1426033.0738100428,1597244.852619323,1680172.2476163488,1577539.0253071496,1462684.9395357552,1449210.4369435743,1243562.1559298255,1598209.1666200738,1398140.5433979756,1677811.6148957268,1566331.5106562702,1309768.649185571,1761969.0776967497,1640884.4846274203,1681230.9149607238,1380916.8971581026,1415342.3896637468,1389976.3026320357
6.75,1584368.6745229273,1627885.8029637814,1215711.6244454095,1623077.7468546883,1628496.0141681577,1398510.2790026232,1435282.6375640305,1608292.7062100354,1686151.491703503,1621026.862276908,1517875.769827001,1471302.0195030444,1245103.0898361278,1590121.624067068,1397108.5461136284,1670941.7956872708,1602749.1893778064,1239945.597271912,1754727.8781410346,1653550.937241287,1656876.219254212,1390062.7809331273,1384663.749157176,1383136.1959626314
7.0,1625878.9187265453,1638601.75623885,1245444.8361409649,1647180.38173263,1666753.963756218,1403014.3791027863,1474080.7257874012,1619528.8401131053,1700453.2808991345,1623518.0933688553,1555538.1139625998,1477587.259623896,1255743.5146100016,1591338.452499108,1430339.5835421013,1674095.3547321016,1666139.9244161735,1155409.7331370006,1759717.7583819518,1656991.765449495,1626223.3008892464,1406255.4034347462,1367044.9186169452,1383004.345166127
7.25,1622240.6445379618,1621196.6390741905,1290026.6040932916,1636975.170541561,1724595.09621579,1394212.6399448423,1482168.2798781756,1639813.4997588506,1763634.5205144666,1679538.6224491308,1597785.8138907172,1485662.9978326089,1305370.7806669727,1592163.2214357492,1453519.7668875854,1699641.3706890743,1677292.776993867,1144430.4122472676,1805194.062647646,1648742.6921026418,1575886.268042586,1421389.3273739526,1356904.5553465106,1416182.3098574623
7.5,1608037.6167449662,1619227.1178322553,1376503.3901374412,1655685.540599946,1779735.5093780214,1405258.1176220288,1491564.480548324,1657648.6390640952,1816003.32291395,1726259.11482121,1616504.9359162792,1503573.147654006,1331305.986566594,1583654.3461816167,1478550.9931077235,1691855.4662132119,1655963.1134831689,1116488.5497457837,1811165.670683608,1664900.6277022073,1570750.7656325283,1437951.9731060592,1382472.1726566372,1423491.2068606073
7.75,1650312.9928560113,1585661.6868489503,1389067.290233027,1652675.562521111,1824097.3076923399,1438985.5007000186,1500252.643786864,1667850.4377682281,1831254.6324784467,1754210.3066614612,1634084.2161991019,1528551.8549304008,1332227.4090004833,1595471.5405068614,1482598.5787155845,1675428.506457011,1680361.0277808218,1131594.1967873645,1822182.9388873433,1654462.6430044824,1525228.613348325,1424331.2706080277,1429321.612077128,1434840.151120316
8.0,1616707.2498612187,1591428.193914024,1397209.6084651225,1644465.858660994,1857294.0906129028,1448906.6163268955,1510030.4980740908,1669489.1037193863,1848572.5105522834,1788996.9857599807,1629043.2256404704,1524792.0759397058,1358765.8826542622,1587078.8987237397,1483273.959225409,1658036.0760352756,1674176.5733092842,1228804.037523378,1851514.234800476,1702104.9220907544,1492636.2282926675,1422845.666654854,1520596.3866107897,1458414.371190519
8.25,1631097.2479806307,1580003.3414206426,1407223.1111226876,1627574.70528008,1903827.7925689076,1478713.3091794215,1539230.5596848328,1675499.880715811,1848315.7674234563,1806293.5037826262,1631404.9020203894,1517982.4833117905,1362036.653251937,1622093.003189954,1521280.3070504665,1648705.0381062175,1639945.4700376482,1275751.9913416991,1885747.4910929564,1703385.96091912,1482934.5422311912,1397911.0529940417,1548315.1539284028,1478505.022874601
8.5,1638432.0571954828,1560672.2050525348,1415513.5190587116,1621311.861740806,1903292.597136382,1517693.5696073952,1559300.2161318678,1644215.9007753676,1875162.2798695925,1789498.8351540493,1622436.478271145,1496437.065112114,1379441.5448946087,1646595.106512113,1540563.8976119286,1660328.8633266073,1643049.3946913807,1263417.577696186,1868789.795283527,1718105.1875295856,1470924.648405075,1413101.5851202372,1557078.6496485942,1529119.5378376427
8.75,1622276.09692286,1563517.4765461604,1416815.8783553801,1608612.0786758843,1892750.5823193246,1547596.1575382045,1573200.296206561,1670082.816061699,1877824.2965755751,1800234.2817275957,1617626.9855009716,1502640.5129987833,1400013.0080970416,1657775.3033412586,1552119.0078310894,1656635.4130980968,1647562.3669828358,1279207.4279959996,1898834.77229869,1721440.8589995557,1461955.859854243,1440015.418799935,1565899.1091521725,1546031.333992091
9.0,1608771.7716109536,1575951.726789109,1424989.5962640806,1575220.2797234564,1885101.6442535862,1552873.4799534697,1569214.5221396722,1674947.8141325025,1869754.3297080705,1792530.21913048,1594163.5322892377,1508243.953849482,1408135.2298403652,1662853.6579002684,1530802.03470285,1663143.1932833917,1605391.1457725149,1243215.4429159525,1923769.1291865364,1747315.4295801178,1460851.9822091768,1453650.952286677,1544257.06994272,1550523.1304972677
9.25,1573554.0164605416,1543930.9082518101,1431927.6095444073,1557687.3906936212,1882095.3867040041,1591489.320383267,1575245.0175808342,1682711.573349259,1841899.548948411,1785695.5289945025,1604095.2952757315,1555126.3039623173,1408684.6085113613,1648919.5100727803,1521089.566593163,1659624.0413796685,1577677.0225744825,1268425.6919263639,1926888.2527295821,1765416.2758429772,1454577.6097762513,1488839.3233867558,1533595.6266170125,1567410.9704316892
9.5,1569066.4484327778,1551816.2220600445,1459982.6968677188,1532625.51962195,1848570.4860152765,1579704.1606204582,1574956.8261325143,1674625.1160030293,1853443.614579851,1783955.7846486785,1607109.275987748,1514515.131160895,1411768.1873052192,1641774.9584115562,1530528.8610345884,1660252.1506392523,1573144.348563281,1337619.8036911993,1933130.1619836274,1797480.8482717313,1442968.7379692106,1499357.8412520958,1537947.1672841997,1562137.8643595306
9.75,1566119.970408902,1549691.828498888,1509333.777077711,1515441.166902152,1829670.3125102664,1599933.8424180564,1572863.6833170399,1654831.001482017,1848970.3197635594,1778083.7803529103,1610863.9048135353,1524606.2652595693,1427699.534691117,1658427.0797959892,1538995.72948333,1670932.8475282625,1527080.0649655948,1374800.0275243483,1935890.468040387,1831331.8783391896,1452150.3096386737,1505973.8292820381,1478596.6198606202,1603456.1683472504
10.0,1537419.9798062497,1556082.07598265,1547717.176858642,1511420.1195884328,1824132.338187326,1610217.8782028863,1568800.4772428672,1633452.8229797897,1845373.1401486036,1711050.8842643246,1606921.5741422754,1545101.867553841,1464349.5000640985,1668129.0956341426,1560751.4139775292,1676365.905201724,1528304.9438485377,1392134.5174528034,1949254.6426806306,1817127.7397260522,1433937.8097907268,1515077.4316500172,1459491.6375859866,1614248.9142732692
10.25,1554353.1547346115,1548763.2129048347,1566509.7310743837,1499889.409757383,1792515.1886264773,1605774.0361362733,1573962.0108184814,1607742.953701265,1827512.986958027,1692585.7119334538,1623216.782116182,1537827.7851462942,1465012.6833780461,1672813.4015185328,1568342.1601335208,1690646.2829278237,1497490.5516383287,1461793.5886448584,1959068.866602457,1814841.382670706,1449164.1176094143,1514083.1715218371,1451574.7934435352,1614337.83746538
10.5,1545811.5275431257,1545780.2554713567,1543130.6170454458,1488722.7488881168,1779697.6834825168,1595600.7182862975,1577645.327217131,1616206.697545066,1829766.1229769823,1649861.2346350353,1633522.9771158695,1540059.5572093762,1502527.5490315177,1653053.4726417426,1563196.5642777863,1698163.6569041917,1484521.9446034143,1448792.0143511079,1985797.3707699631,1808915.439821937,1435644.6647536827,1527336.9904323926,1434143.743732987,1596768.1753245122
10.75,1508445.928723812,1571558.80888834,1543470.994277983,1465905.7085335327,1759935.0800581772,1600957.7355315757,1569044.0177050938,1606632.1319500606,1845577.371557915,1664337.953909296,1655138.73145227,1555205.9543647189,1492974.813107375,1651938.26264143,1569894.6528725408,1677275.2627687887,1478822.561402393,1520892.3883078026,1982621.4622399735,1803058.7472651654,1437127.5238991217,1503992.3538236474,1446011.806970553,1588878.661538052
11.0,1486155.5296033223,1553478.9623617649,1536952.4183099198,1461023.6581773036,1731462.800460129,1585131.1663289792,1558451.7257220095,1624640.486375592,1833468.415744796,1649763.0123534636,1646695.8333267083,1551785.8100695177,1500770.1682194362,1639773.8594348214,1571471.4266460952,1675331.1017226018,1475589.7825364633,1475335.0170208758,1995758.3253636216,1802727.982271917,1457734.5410146425,1507965.495998845,1459536.339195815,1599535.3547243495
11.25,1504002.8466351249,1538280.235594368,1521933.8657857722,1442129.881826025,1719580.9540693976,1563955.6103452914,1558541.0821980853,1608523.7532932686,1831044.2841502102,1642068.8008455075,1662274.8999103922,1551390.2435270657,1475235.099768841,1663615.2772866306,1572273.1463749192,1650789.7276413946,1473430.412091443,1507935.6111801176,2006998.8932624874,1801960.4973441325,1451754.6878401584,1492767.9147149434,1507942.2057279674,1570991.1172578551
11.5,1488169.9832293915,1545566.1013581594,1505824.0579413646,1443087.8958454998,1701540.2151368097,1561690.7687504652,1563811.0082563632,1628774.458234368,1858452.4671867832,1656964.8864947231,1654883.932413289,1584271.3400212056,1462270.5358382282,1641075.0816768445,1574612.6353642002,1644468.8930089835,1428993.0322548838,1493851.034323071,2041533.2437154164,1781707.6153111313,1461425.3094325643,1460152.3599560477,1524605.4583786763,1546169.4175493212
11.75,1472075.454314203,1551963.6809105554,1477592.343332753,1433322.518149506,1696200.2089149158,1526453.6297879508,1552041.093943148,1612225.4945147254,1835095.2791732731,1642120.520900076,1661065.3004255511,1594697.9077171125,1453731.6257363812,1645264.9587915738,1551082.6560227077,1624796.0602111095,1430560.4410293896,1474759.5628493482,2050076.2761249254,1790218.9673985569,1480211.631953355,1438469.6053799717,1548223.2059585976,1545100.6467260013
12.0,1463176.3575103644,1530665.7764726004,1455541.746051196,1415315.0188163265,1685045.958175941,1536577.3713725118,1557690.8915616816,1611182.1404743628,1825381.1232774907,1647902.8111104532,1656698.7170098044,1619169.2769060857,1455195.9183664755,1644382.8705370498,1536755.5892011037,1597667.9796796422,1409877.1537227486,1508708.9017946648,2057115.6075041944,1768259.521600593,1486343.0844180223,1418408.7640590956,1536559.6045713425,1527238.8269472844
12.25,1439676.3500750859,1511016.8242418924,1443372.00913055,1393758.6039603695,1684003.4083332582,1502521.856078668,1569739.386981574,1601274.4057136737,1821714.3179196157,1635131.850833156,1674646.458838694,1607503.2835980328,1462302.7183137084,1620297.7465721187,1514101.7073627529,1593920.6273057966,1387144.0105932264,1502467.1078852306,2070184.467470617,1768456.7317465001,1506437.4428675969,1406120.0083306485,1560304.6778686552,1509534.1852535335
12.5,1424432.8252894662,1517794.3000261306,1458826.084385424,1392358.0927494222,1666734.6501680722,1534994.0346420605,1557199.156807914,1589969.3120330174,1814918.8813748648,1625390.2269816254,1678917.9440562797,1609773.1646305576,1475042.9497303097,1617156.0206321368,1514801.113009236,1574441.5986171202,1369620.2046388858,1538111.436181603,2053551.5540814833,1761041.3969766444,1509504.0396893385,1392203.0743577408,1560335.880668857,1518646.0037858703
12.75,1428007.9912295341,1521277.1794194856,1447219.2572151965,1371999.035435792,1689009.6808773966,1508940.3185487804,1545043.969112035,1588915.1808761396,1796712.598924897,1621248.8496178135,1714509.9222717718,1614221.5333474765,1501584.4798022038,1631057.6271953294,1510439.5795040708,1577916.8732453403,1359817.5945007007,1529485.141622529,2078127.6304653052,1761432.7830630215,1491914.5892575148,1426054.6826996948,1530760.3249921943,1491760.2417156047
13.0,1424976.7278633406,1510482.3075425148,1448343.00730305,1374470.4621468023,1670058.6467185165,1514348.2911447613,1552320.5209639145,1550545.5113400691,1806838.0793161537,1590286.0468196436,1701631.0196783182,1610162.5190388795,1491699.6002829436,1608556.568936868,1506494.1080476877,1572837.5462767861,1340568.9889505848,1535959.2207791011,2055330.993153442,1759021.9900476716,1489978.0495647807,1459957.1828563574,1454446.9821583575,1488828.5980730057
13.25,1419726.5290323894,1493768.3282731373,1445874.5871226282,1366171.723156062,1654972.5307363742,1532896.7943086769,1525542.0308018741,1552898.6144839344,1812982.3340904207,1584714.9141957832,1726761.9853116816,1593189.731291294,1495017.7380970463,1621622.1236208568,1513495.3151627742,1556080.0119243101,1340834.4000756235,1636281.1982484874,2010827.53156058,1722994.8196556352,1464527.211992683,1497265.110112537,1407758.029225436,1491538.8447713708
13.5,1457179.791730505,1486671.2603276412,1471959.1781129404,1374755.1448818408,1648871.044885433,1542813.1722470631,1528023.0843670152,1536059.3616239086,1796096.9863682226,1572362.9220811238,1708161.215367086,1600009.4246511604,1510231.510264339,1622060.7927341461,1521584.3236187298,1544017.136858868,1328198.1631697887,1559271.4186186502,2024733.2641795764,1761212.2316244298,1460371.4148493968,1555471.840382865,1413690.532681205,1498419.5275786861
13.75,1436877.0819611982,1465157.0507514796,1454132.9938817313,1364913.7718439535,1648500.409894452,1541422.8810802808,1525503.2101707314,1526935.5960572704,1793804.0754998235,1560622.6384881048,1691463.6585256692,1598001.0658943725,1473889.3884752158,1605618.1406577572,1516350.9550683137,1550892.8553116538,1343489.1204438354,1523225.0646206827,1965766.7183619412,1723305.4818452634,1456105.6269037074,1561959.3249637142,1405594.3086704053,1487791.5115154583
14.0,1461853.473411719,1496866.647721672,1452041.5940501473,1374061.784285531,1636262.4833353648,1542866.2143337366,1546642.9000068577,1548097.4780648984,1779566.4930305625,1575295.5686086162,1699507.805755644,1615274.3713015644,1501781.699366454,1614044.4189947445,1514003.4643808422,1554390.284156857,1332841.2659600575,1493866.3803284962,1952097.605780139,1746314.3342541058,1475616.422187863,1553323.7178469137,1406712.757179029,1493287.6363380316
14.25,1485755.046863686,1489805.8085258007,1450183.6788440906,1365283.164928104,1634104.9499744647,1549137.9695386887,1506339.6130964828,1553180.6243166057,1770755.5057692095,1562920.8116526748,1685013.4670380536,1607329.7136709762,1500628.029928713,1629503.02965852,1551119.3694853494,1549744.062646548,1337081.9459066247,1528445.5146170384,1920673.9911184744,1728692.137177525,1449919.8426300397,1510974.323548606,1415238.3294078365,1511314.6819408878
14.5,1480953.5121628733,1497097.9864228566,1457462.1815450985,1390181.3741529204,1603251.305453994,1592679.5240949718,1542850.8493922406,1544448.745370937,1769246.056510564,1549316.9082682205,1659455.6435487487,1622725.6729803663,1505592.6606122798,1624198.9350969286,1555901.8352174181,1556299.2458338737,1333967.2415843732,1586908.1948019664,1918052.0313038249,1709655.567124338,1481922.1659543875,1496167.4422134198,1427001.1786258148,1509034.9058984409
14.75,1528917.0638277747,1515696.680211401,1458216.975047834,1393995.8026635142,1597154.538424564,1574246.8751563015,1555629.3403621875,1534377.0537298955,1767663.7413365047,1547298.6214018012,1663903.17942274,1687156.878795855,1511505.5697261349,1642794.8758886943,1556057.1217343446,1569830.3773511394,1358383.8824986834,1610702.4874751207,1850597.8249705054,1742562.8582606316,1496296.3771936821,1441045.4410263698,1437784.4264952776,1533268.9137051322
15.0,1528439.3927277364,1521323.3717421214,1472506.5174219536,1393898.0763143047,1606200.9980869005,1553260.528360439,1543730.3499540705,1541378.6533788044,1774399.823407939,1558154.433640769,1637488.8043568062,1650483.7537600345,1521799.790789792,1646269.1265365428,1574382.7711011714,1583397.0152209455,1359650.3044360478,1554210.3056982502,1871474.3716902444,1696728.3684610454,1495643.468823404,1410121.9231540218,1468332.463028402,1561083.5596698849
15.25,1523076.736048814,1519205.0406909308,1485702.921320424,1429782.0988582699,1593019.2580701075,1583419.2608312839,1538925.7463114623,1560784.389022408,1766576.3132249948,1539884.3173656752,1624583.7981078697,1678741.2564274035,1561456.900140979,1647546.5215343127,1611396.882763458,1578309.3678879593,1379414.2430053623,1507666.5262310288,1863646.9413840699,1726175.8371177297,1551914.5630780568,1392674.807451884,1438527.7915757208,1566574.2314826793
15.5,1586316.376196081,1582904.1248388132,1519828.5104816176,1419463.2413308837,1590372.2261262662,1568158.665438753,1542783.3864195996,1538237.792714928,1766952.0110221342,1546145.3495921222,1627755.5116787679,1674153.9796350074,1518573.3639300808,1615593.3535854167,1612324.2873410601,1611249.6792594593,1423313.5830837162,1538522.0114314195,1863169.028791731,1741739.8226516608,1539919.3286694179,1401558.3010833624,1445435.054265268,1614392.2227284114
15.75,1592761.472963709,1579497.4083886782,1502260.496608662,1432769.4644159405,1607139.8361676245,1581267.4085682668,1578243.1526687795,1570304.3353429995,1788665.9500942086,1549278.804088867,1662654.2590626949,1725967.4670442669,1584600.0855098637,1611636.0697092,1638071.820445133,1624268.0603495946,1432324.3609452825,1553157.0260881223,1861817.384522626,1721066.4069727117,1564325.9858778752,1439856.0716168808,1467859.654057575,1623087.6022905582
16.0,1642325.4068070035,1612297.661505111,1513610.7307349986,1410624.1873024015,1605744.9914688054,1581875.5443607823,1576265.1355697892,1589369.194858739,1807393.6316720645,1561276.0258777502,1669450.222107396,1741446.09629173,1555815.197536035,1597217.890684937,1663692.1046790066,1643364.043748003,1453236.7547214825,1616083.3897966905,1843804.1744842962,1762083.4944876179,1595905.8443331718,1435229.5734381098,1473507.2195092693,1644824.1388639826
16.25,1625853.2159300572,1650246.3673642476,1545459.0592142453,1427230.1926646521,1625380.3517704587,1578876.8877334595,1564854.9036359498,1557559.812747204,1817416.1433189276,1560884.1306281234,1674852.3976431326,1773069.2513411262,1605556.0472496785,1592082.0233627232,1683079.0650242893,1666261.9461031538,1499849.413299416,1632812.172531287,1851211.2066836357,1797324.7959540251,1596576.484047514,1444924.7376090975,1490608.148790345,1652027.5074099049
16.5,1618944.0198833437,1665947.5985301018,1559970.8218131354,1417556.0740432884,1612423.6275396491,1584421.566956809,1586470.709052924,1612229.971123392,1826242.0909781312,1595600.3329510544,1700014.3280839054,1808859.971710133,1629105.8367290064,1596295.3514128453,1680560.410198515,1679760.7225817044,1504151.812476028,1607610.848884568,1840616.0375269253,1771481.7333732953,1626910.2049796798,1475642.4451841442,1485739.7637755654,1651355.986828963
16.75,1669095.2670742236,1666359.3420176187,1587422.3906479892,1443204.9255987369,1631045.9857407918,1597783.201401595,1590436.5624991185,1632853.6353045087,1844067.4661967105,1614536.7031745333,1733746.1331263166,1833612.789324327,1636632.5910491943,1612525.307258418,1708528.0918611614,1695547.2254819293,1543154.0437865257,1626464.0519207173,1822120.526279435,1826748.589588382,1651005.8725457625,1498029.314444094,1487255.900260087,1665320.0197139364
17.0,1695693.6087246663,1695334.5633151531,1602217.3232623013,1439077.3856679888,1618270.9087061738,1582759.9148224483,1620903.011120666,1639658.9599796643,1868715.8227181868,1647374.1249795104,1736704.9558301694,1855269.9500635753,1664325.810976881,1602928.6239775165,1723291.63037644,1722320.2903567806,1554767.150798292,1573671.7469552357,1866631.413441918,1837006.9242436092,1666490.2693840808,1477109.871719606,1534793.6588770694,1681916.5530489865
17.25,1725308.7890224745,1722594.4186443011,1629051.2336522595,1445135.9687042525,1636703.9050042701,1626718.685914661,1624217.979339773,1659496.9547400041,1873805.9250604457,1656182.809152531,1786920.5886759325,1895501.1109468576,1707039.6475431414,1637048.393700354,1721351.8110201142,1734254.7109524698,1600431.147820704,1659934.1303360246,1902449.8329680038,1851691.6435822286,1668091.6237761758,1494768.7905740738,1547103.3280857692,1697853.5878185793
17.5,1750376.6222377545,1713708.6569088935,1670919.3490633387,1477074.4951312614,1627877.2417772755,1652291.3883310086,1656125.004008322,1699578.5524498187,1877966.9085000355,1696232.7120022196,1815817.5918615947,1906413.3291621064,1742168.541614619,1664324.6594352145,1734181.7001546512,1749878.2372071526,1624567.1079690673,1666021.2183798442,1913726.4865596222,1873387.748764616,1713812.2091748498,1561003.6711205135,1571267.889992136,1690660.5079181988
17.75,1828934.1537257687,1743000.43413771,1692330.6110307088,1468294.361200347,1630460.4715555653,1645986.3232768811,1685233.4003371326,1743028.9827171238,1894849.2797690884,1710250.4819318454,1836201.8401309215,1923206.0513958498,1756673.0864556052,1684417.2896671873,1751580.603309689,1750977.0600781152,1672646.1162135962,1647660.1789127262,1945159.7220280531,1901831.2529352217,1729571.4810879447,1575339.2142929598,1612717.5750348063,1733174.6216908079
18.0,1842001.0608955584,1750770.6354229609,1718877.8978709741,1508947.858151696,1650439.0040237687,1711559.2386146314,1687568.030836192,1728618.3813580745,1913791.1117616422,1735439.7495322372,1870485.6433369464,1958320.923913291,1818654.7454812743,1706015.047074318,1774288.4044194943,1757352.6310572335,1655895.9027722531,1671057.7343692635,1969249.115437002,1949814.1247042455,1755135.4295057096,1582120.807365952,1651444.4457714919,1751480.0053105787
18.25,1877449.7190042988,1795960.0780763468,1729281.3328276835,1512777.5908066866,1644701.2223728497,1730940.17469698,1739564.9906802466,1787290.121997891,1908593.9847078323,1787092.3425271006,1884818.4349488202,1992463.8623014651,1835008.2273733255,1744401.8210060091,1814710.5753354593,1785713.2497214694,1714731.3536546302,1644997.1873016357,1979230.7273878185,1964733.1371592465,1770648.0214217214,1624599.6079723763,1667435.4387779525,1789188.1377730658
18.5,1925868.5803865376,1817277.548392423,1767583.7270800418,1567850.124443531,1686873.2357247814,1777070.344129837,1767481.793025248,1789006.9733399479,1926051.5051154224,1792326.8537619908,1912473.1830610074,2038602.619724577,1838891.3593720957,1783064.1938367323,1814033.6765996616,1817708.960604682,1734958.5392366322,1713940.202414108,1972787.6380002426,1972774.817004536,1800827.9851702922,1643120.4119459065,1697225.0257361296,1784000.483412468
18.75,1921222.1483605558,1820631.6811248302,1801262.7488576137,1581565.0193450523,1692681.222111861,1816103.7225422715,1817659.8585085147,1845477.2184677124,1919809.8170082641,1834811.5450096997,1935391.0093799792,2038900.1702884182,1892980.6005145854,1833884.920139356,1858047.495062698,1860597.1138039357,1754686.3178237423,1693383.2946548895,2018830.4005286188,2016800.0876618878,1812048.0240755226,1676667.1612829007,1756899.474651351,1838033.316541744
19.0,1940176.2597415375,1858530.5347700596,1823788.0417565433,1605976.4228871951,1748662.9604697805,1864531.4424552773,1860765.3824595395,1846056.8654935576,1937413.9601702834,1870781.0001285581,1959932.1456976947,2078600.4097720494,1898704.658992305,1861537.7210867044,1871115.4012743921,1882303.5517405162,1792277.7884535212,1718506.563702251,2047111.275464029,2037276.705931779,1841687.9526062445,1723521.3176938114,1776589.710960605,1842848.4911817783
19.25,1974329.6783994907,1874995.4404204527,1849028.721672087,1629142.82780484,1761180.729460644,1895072.8395892344,1890933.2307875084,1885053.8948709748,1941109.4140403054,1858845.3214823983,1971772.777947917,2117189.9502627924,1944065.6855834613,1926434.3631511312,1904196.2788351232,1908606.4009966273,1816036.153853503,1780418.1942991922,2077257.5097916631,2080234.44914997,1828924.4410455443,1765550.3727965644,1846238.9366218394,1858714.0411206593
19.5,1982597.177152128,1907487.5125466029,1887956.2165869076,1639029.0716633797,1776664.1639986183,1952150.5241882007,1942486.6259991184,1902079.358010393,1929292.3473424045,1914431.568472111,1983989.7074285275,2187878.742070198,1968145.2935261005,1965646.5686632069,1932468.3851841434,1929745.6750184116,1869251.849589059,1790819.6733118405,2124123.307076136,2094432.6897428685,1867430.0907915,1782027.1436789108,1859427.9572938283,1935125.147178361
19.75,1984026.952257402,1942817.2640279133,1915519.7042870955,1688877.9471769477,1808398.0184896353,1957876.6193424282,1993711.6644345631,1924032.1344604637,1920583.9857714104,1921102.9970138145,1985750.82306635,2209591.7680308893,2016727.2440423388,2015332.9482433868,1949800.0608196259,1974907.3976819443,1894996.4157081083,1819786.8114179263,2146173.2552010217,2144358.0372721353,1877509.9204174099,1840517.8558982213,1906852.6541820006,1899710.9730702601
20.0,1991565.06910707,1939023.0825072606,1953991.3505702163,1703538.718878038,1830717.6948539994,2017967.5696042522,2016573.178306854,1969943.4395101864,1936745.6217497045,1925247.8473821841,2028607.0739493803,2264348.5049132723,2055868.3576861874,2068162.672831781,1987043.8246103923,1990098.1846574435,1913867.5982250157,1873373.3539296787,2185861.560946002,2180282.4024919453,1879810.9410509919,1882430.7389031323,1925764.5565823354,1981244.9045114084
20.25,2043863.066979206,2001071.5643000284,1990178.4434694233,1740754.3570310709,1853072.1473246343,2059094.0588838116,2058959.622449239,1959608.7249397798,1959119.3334439306,1995579.3104836724,2001261.3289120125,2329447.4210303337,2103441.510539315,2119958.8452490317,2031166.2111675956,2061071.0481746558,1980871.8562167485,1844734.4087537853,2228931.3703492484,2257064.7383397133,1886847.030276732,1910226.7820102808,1963232.358542529,1969284.9241779067
20.5,2020025.8758370082,2012797.6179812748,2035725.0467375119,1770845.0920393106,1872941.2291147204,2107014.361273679,2112615.463165139,2021297.897952022,1960985.7224765257,1960166.3726687576,2064867.3966541723,2410385.2456511008,2138250.918945399,2157962.050072872,2066261.501060168,2080583.5438199476,2009569.9233956193,1909302.8158155498,2296572.565044779,2310675.528181394,1925661.7072932504,1955284.3194194273,2029799.4330287124,2013393.8902880352
20.75,2090437.556460294,2076702.1813904445,2021186.2667088076,1816659.6027080796,1917259.1658064958,2160862.428159338,2161982.674032096,2046198.3462897502,1982219.9805794917,2011447.742104068,2058048.6996632777,2470893.5938193873,2191696.690841964,2199088.4821861153,2103476.5934822485,2134939.3623781204,2045225.6412537892,1913714.2245006561,2332494.967136441,2357856.736079245,1944497.7230884957,2045589.6042618318,2067110.628321503,2035712.1805161852
21.0,2075453.8474145946,2109550.0196038247,2078835.5227114938,1842730.4381474003,1918734.0044950861,2226215.9839054453,2217828.42721916,2049982.9724347664,2004311.7290592194,2009943.9996393665,2124757.6635128367,2543587.7573103183,2237686.7144779726,2258972.546714031,2119197.9357951195,2170750.809297446,2102256.054528872,1945992.5543512865,2392052.02586148,2437599.9725807654,2007068.8123577002,2075644.2379355575,2150161.09489964,2077025.5229409824
21.25,2124613.002409097,2171177.3888699533,2081653.7275413456,1880269.2437808008,1980441.865343802,2245018.116265239,2226781.342992869,2100619.5905753626,2023833.2635971126,2051202.5881395917,2121309.1667110845,2580549.8890387504,2305234.751457648,2307835.366648385,2174070.2897319505,2202940.9909910434,2093376.421801885,2035942.13215039,2481465.9010402216,2512123.500256105,2036970.4596160252,2125764.173165148,2203066.358679338,2081874.358398351
21.5,2171143.892818769,2182498.8257918674,2136447.453896956,1921997.4842291167,2013216.6540952162,2297226.9840734657,2299251.321792718,2166573.1690960797,2053353.034362504,2098948.944858002,2177644.743783546,2693655.836602038,2352714.8186645797,2365838.9391828594,2182907.251838366,2239653.3595052487,2154944.1747578997,2042026.8219929608,2544770.7935884073,2552188.2719995324,2078075.7497999307,2184773.011048519,2256028.4962708442,2133807.790294387
21.75,2173983.430118156,2270932.094729455,2156634.581353303,1930977.3469806728,2059920.928395069,2322485.3096224754,2352382.7648651525,2174856.082744136,2087792.3816395383,2122878.5721249436,2211000.20576899,2739872.2384310346,2419287.4376492356,2433834.107492447,2238103.7968834676,2271150.3782433886,2215051.2033436224,2078080.970347838,2573257.008189924,2634892.9970275126,2102763.0637951186,2248267.1000582087,2328740.3552342905,2146308.905492378
22.0,2200962.324670011,2322371.189567439,2201560.400365049,1977967.949943629,2107822.829687552,2374969.414374467,2369770.5773996008,2207065.092117223,2124298.3669823734,2168399.1883605323,2232287.4880290176,2805882.991423954,2501010.4072072287,2486994.357260473,2231924.576273051,2335945.108933102,2242270.972802711,2085177.077943773,2671099.0053247972,2687465.3412794345,2141285.638371959,2342636.4726210507,2366073.343540972,2176785.0278539946
22.25,2268326.989912264,2391747.952206707,2237603.641824029,2013923.4995819728,2149192.622915557,2407698.591776992,2448341.640954856,2265635.4761929656,2150489.9738292405,2221115.370049997,2301451.339953018,2865437.079734022,2562417.766815099,2552461.3024944826,2301299.0321267447,2341157.867439877,2324684.7627354534,2144715.0988095026,2687644.6864721123,2726504.3775938787,2181491.4746182184,2390606.601993474,2458419.3897841773,2206485.212307901
22.5,2265748.526576591,2453798.590181732,2243303.1914404957,2050683.405553442,2214652.846002203,2452889.6711550336,2473153.627534895,2317391.093934637,2183728.1669694437,2277775.5516048777,2323756.4164309646,2913379.935340448,2607305.2969255736,2587052.199020704,2302438.084133495,2384241.223743728,2420902.1217024834,2208680.9843823113,2720521.958215569,2829697.7429051544,2219749.1126812734,2524014.3428336633,2515989.410164804,2227332.601330064
22.75,2338980.115471782,2532413.748083623,2304745.3704226813,2095031.8194631808,2274712.046768333,2471870.43864019,2499700.0927877715,2340318.045723597,2228627.780279102,2337757.4052470815,2353801.173753103,2998782.388898994,2690936.6765252603,2663862.799795844,2352244.3191261003,2396097.9158697417,2496501.141023434,2241516.4871462043,2785356.662355365,2831276.438947244,2285617.590558081,2537109.553970597,2546312.0415470237,2263450.241102363
23.0,2355749.0691919904,2606061.6826669695,2312164.3282086053,2134893.3062419314,2326244.7215508837,2540227.940549446,2567314.7702691336,2374890.319423415,2258322.545476798,2376126.5529846423,2389492.0682878206,3056494.0707522016,2732178.548042933,2745326.669141278,2372963.57449179,2451176.1507351324,2556218.4648376233,2240976.778875553,2834955.645019936,2898853.288946123,2305940.7469125516,2624429.45316202,2600311.8491681996,2277725.4334035353
23.25,2408955.4389698724,2644431.6402672133,2332568.9212644463,2176116.7313242247,2389595.5424341722,2575249.7331581404,2566778.2614008584,2441480.6268477584,2290951.1795181506,2447631.9725295557,2411433.4425474512,3137981.2869697916,2823963.7392277573,2815578.5789334555,2425880.2876535184,2453156.5643710224,2631854.8551892946,2282494.8257510155,2900371.9014254194,2946846.2902154634,2386688.342315847,2659072.1288522664,2640944.0017840937,2328934.4063890344
23.5,2452335.1659294474,2704887.04464283,2346009.918699958,2216637.641733574,2453969.9241585587,2635383.8239665753,2662201.2555635916,2464215.206182798,2345694.823876872,2473215.312618198,2463136.777365627,3258220.2857550997,2911637.3776137033,2878671.9685230255,2471489.464429422,2501657.699610508,2670163.9672595225,2327120.852991422,2946574.177213091,3022636.195476734,2405291.765945868,2757723.186512918,2685280.447691975,2347384.1312309033
23.75,2462368.377011877,2765468.41118056,2392801.8287734985,2286317.141080047,2501103.4739452708,2654009.0600142623,2656260.35554253,2512318.2672401485,2404037.693017237,2544657.532363111,2506541.645255782,3301779.23313479,2947754.2631254774,2940841.6168593783,2487865.2154610083,2534955.6761960983,2752229.338567705,2350837.670617046,3068362.1950760754,3079965.4973008414,2478779.70574457,2779070.150756836,2722441.901263439,2399474.0282867607
24.0,2498055.164314559,2803292.6702344576,2435194.840159821,2326667.836265275,2586443.258388057,2724615.5606017546,2700317.91873351,2593184.0227282844,2449096.703472831,2556041.6252115713,2568695.8903716695,3366953.727869901,2964063.5411140844,2990761.627887928,2575401.3214740753,2586649.3427556935,2796912.1868085572,2373275.7928842776,3091457.306709954,3157365.6351016653,2508759.8437851416,2819137.617231889,2755586.922314586,2453117.3372335434
24.25,2536762.4991151635,2856014.736676884,2467314.1957627498,2380072.264569716,2650125.3411725652,2734861.0167927598,2709182.919451049,2618700.4440461937,2497277.192744024,2643735.298071341,2609975.0353914895,3430904.978061098,3002962.687295191,3020185.9448037003,2556004.6868669335,2613120.5088159386,2879291.352515163,2396028.5727937003,3179111.1244318704,3249510.7773579685,2581813.5565432347,2874333.376886541,2794245.0755321328,2464194.678042961
24.5,2585736.3669075244,2913303.8374915123,2495244.596032807,2431447.2434427375,2733234.5865417826,2787144.576325012,2762010.8245279137,2688093.7155802175,2549305.6429874822,2667234.3114528945,2664547.7985567036,3475404.4299632274,3106529.7573967846,3074865.918507923,2645082.2469140254,2665377.101314516,2899924.2103360784,2501659.3559770873,3212522.010254282,3305421.850213889,2625796.2502522324,2946323.240532875,2821883.5064014667,2482766.242729389
24.75,2592772.836604205,2934077.5895663896,2546535.0823599207,2477754.6607884783,2805686.012669072,2811761.629136201,2764367.7334747603,2752964.9394099787,2609698.1311376747,2739313.77212666,2704614.142020861,3458888.773909742,3144981.577080871,3124914.736515392,2674232.4444896234,2701256.5483725867,2990245.659647479,2607087.249558709,3261967.123897061,3382653.1703062057,2687730.2248103693,2974370.3802402383,2862677.8594044773,2535218.848264781
25.0,2643333.8780317595,3033661.0836653393,2538427.585105607,2528330.421967911,2891835.2253393983,2863599.3406364266,2814228.385840589,2791555.3310598605,2663963.4511717595,2802465.453755552,2783510.114667979,3438605.885939974,3203226.596533862,3176982.6560884244,2688390.72923799,2743689.728163026,3046088.531976613,2596048.2514517233,3359942.683410789,3429032.8790465267,2794801.3054847717,2985360.9960915823,2900229.152178244,2568927.325058677
25.25,2700223.4119724217,3092218.2960894266,2584623.289538297,2562713.5588612123,2952557.271823594,2885489.1356243365,2845077.7400932023,2878594.559529565,2732483.757002108,2834837.010996125,2808503.8597218483,3466889.512023926,3237029.7039107988,3245970.689130841,2771140.050061775,2812790.0462651975,3107292.369548162,2649943.9275182956,3409610.4410789954,3506575.6190695907,2814317.246571801,3073264.2278323895,2956178.3456389685,2631204.6040259562
25.5,2769995.422644124,3198053.348107465,2624957.3444962935,2642812.5800416544,3019881.8956100577,2926204.791529193,2904208.435192715,2924410.8061011056,2808139.8194881207,2929925.8843295355,2863947.583684083,3503902.652831713,3340611.673767581,3324135.8511043317,2757823.585282441,2848984.568251552,3156515.1028585723,2694024.412152897,3486083.0542254304,3566516.470820225,2886445.015360312,3085048.532017968,3039853.5737285325,2635889.3526287656
25.75,2801519.470668908,3268960.265769259,2645713.447473353,2678121.870094733,3089943.025138479,2974318.2586192796,2953136.518935608,2981262.902274825,2864833.3297336176,2987421.7045143014,2894702.0635396205,3505377.7801815667,3323193.2172265197,3413175.666108218,2826994.8770500817,2909540.6811067695,3243333.1756160622,2801240.875200185,3544516.747565992,3650192.3006838597,2970150.412535783,3167512.3596723443,3051815.6027461253,2720556.869286046
26.0,2853827.536402009,3412938.0380214374,2670118.3369831606,2744734.2891977485,3160374.227848024,3044518.8340949723,3034081.706680616,3081056.08721447,2968789.401003693,3023792.0424698917,2972015.717713587,3605237.381477067,3392584.837947701,3499742.4747036155,2837374.2867680173,2968017.5798749924,3338006.4700262765,2798532.592849096,3614004.270888762,3749393.281680685,3052004.900264711,3205136.4940467314,3130304.196462631,2741317.0784210726
26.25,2939811.686167515,3536250.0896044094,2754306.1047529164,2785615.3434243924,3226902.462630561,3079004.151934277,3104943.2766713807,3112621.3398167,3061020.4039334385,3125779.9955593743,3028103.6254133456,3612346.1143552316,3428413.3547464428,3613734.786883759,2926999.0097405114,3054658.297973951,3405916.6231203945,2919129.9973985786,3683002.4427693686,3791149.1732159816,3176820.6992245875,3281662.2036569193,3179601.202401161,2797410.757355372
26.5,2947358.411614938,3673876.666759205,2773931.491431612,2851006.620865995,3331238.507948182,3195094.1822905396,3161990.0522008953,3213948.380242521,3168875.4117661966,3183969.203359604,3110370.1873233393,3695340.2297881446,3486423.5478954893,3714821.4804976494,2941022.9322011545,3151405.1331980447,3466613.320136301,3076840.643909165,3819720.5519854804,3819585.435943343,3297630.513004823,3354178.634918502,3275724.765424064,2869473.2786111543
26.75,3054269.919707356,3827011.7110668817,2800849.788913351,2904233.796081832,3428719.01797994,3222646.0034011495,3299845.6659190147,3286369.121707396,3275041.619595094,3302065.0194164333,3197597.466237097,3730007.7288108882,3606602.533249913,3832221.6432615914,3042412.5404675514,3219673.3241371387,3596779.3636384443,3066155.5137688317,3897006.1181652765,3943035.65964141,3410569.7506402046,3437945.5232076934,3361517.766570496,2906478.3926321953
27.0,3083485.5065146647,4079251.023500347,2873421.7787575,2977893.889887087,3523615.3030338576,3360187.1216577473,3347137.6505283876,3406903.2322824076,3390843.448531671,3389217.214623307,3318452.8261979134,3809094.72956773,3727473.934703769,3982289.6490124213,3094681.5575182945,3330177.2038695887,3678308.71397423,3183040.2228891775,3994042.6304017846,3990600.4249051413,3519217.8995545707,3539511.9842484505,3488859.5291680135,2972665.3074135636
27.25,3201641.940238201,4324734.8586854935,2901763.716026306,3046739.3041835264,3618669.816644553,3426932.3471834008,3503961.008984479,3561082.3657893557,3517578.572216381,3476904.1212082487,3423614.0018262863,3974276.451998653,3829305.6125859637,4153529.912873095,3172446.154285922,3407279.921529221,3799096.417879047,3250678.8143518623,4133921.911308231,4181391.761057131,3690415.635946823,3661989.7295134864,3606241.223818201,3016336.869062684
27.5,3272558.891031294,4663700.969810772,2980771.4993728003,3124629.139404528,3726118.773465966,3560054.205105117,3589764.959170457,3624001.812919906,3649579.3152430854,3600137.579046914,3567220.1718051797,4093314.4781581704,3998221.4969694833,4357813.512335431,3240327.950342583,3572624.8542607916,3945974.9722922067,3365914.529173851,4285521.520022046,4315866.229250821,3803421.9215396247,3788684.8941947185,3778355.346765576,3125332.7468225304
27.75,3390340.1361239464,4969165.06898826,3041178.6178210867,3223291.829439799,3864385.0242637866,3698157.7018204024,3720073.530301123,3822947.4916365943,3829814.8623252925,3750324.3774324474,3674595.2317923056,4263220.566091826,4199537.038132408,4568011.162754261,3317305.5513889715,3680367.0046089636,4069616.789097497,3498030.6951204934,4429294.006916508,4442987.39254047,3941914.568948168,3927958.8923832863,3998608.2216573483,3194230.1759912604
28.0,3516439.3460615333,5272717.559735139,3092280.1673605368,3331249.2352546635,3990224.5097845253,3862004.422176361,3918581.2454540366,3972767.028586561,4019071.2645749757,3914323.1812762925,3830601.122220473,4428914.261067246,4493784.346887993,4845432.915012996,3429751.8988287374,3829256.8937172457,4253583.344427629,3573230.778825702,4567862.655307654,4643601.736119646,4097453.1900747186,4092225.6646033777,4170834.800018224,3281355.662324125
28.25,3590918.012076696,5615822.797068787,3182734.9981037485,3476346.8534910316,4156050.1072133095,3997768.3383410773,4052669.2994728666,4169282.8981864816,4252383.757878621,4119204.9650266534,3994834.412616296,4663383.869043929,4849225.561559388,5013739.521336353,3537939.438000303,3980552.1728599435,4419598.296141769,3757940.867712917,4807447.763653293,4857452.862764243,4230265.021727504,4260652.600074132,4310508.999198364,3412766.2315525287
28.5,3762607.0685956553,5791320.541062418,3328074.4144834173,3613661.663604823,4351838.477507995,4180966.279970718,4238510.594278567,4332999.888030023,4485194.3797236355,4301697.576923139,4138431.6927231587,4909902.048115181,5187047.95296828,5256218.828793699,3654161.815021486,4158921.646483132,4686762.249229258,3923908.481426586,4985944.161924969,5170124.808398102,4406772.665317853,4391272.489750978,4548049.095452164,3491021.436049548
28.75,3918987.1370028006,6150084.82093188,3427905.1001362945,3786931.023465041,4560266.412925489,4327167.116740631,4414443.698164767,4508983.379580122,4670548.662758133,4468961.769742156,4350289.240650495,5149989.987081557,5594810.492122997,5494805.007018176,3816144.754063404,4264824.396352132,4856354.000134757,4161508.841377692,5169481.30527138,5358385.710568949,4715821.6724463375,4593171.202836123,4808242.278491512,3647079.3159212633
29.0,4089352.4808191243,6450104.87309157,3562068.435360186,3974040.7053730125,4775166.722000816,4549382.204015732,4600783.051073624,4701745.420605342,4939709.042963028,4676020.377319134,4551384.435231613,5423556.373988036,5910024.8030592315,5741303.667524193,3983636.242944255,4472494.118719737,5096738.2405224135,4400462.71816875,5394863.830448266,5751722.939456448,5036246.852083727,4751733.314169682,5020587.18453046,3817895.583338622
29.25,4329658.921695015,6678813.944916185,3738608.1339852302,4168642.082268686,5013270.440781853,4746263.83630689,4804380.364934575,4929794.592420491,5126337.324727637,4932434.788204309,4753879.435377381,5749013.227831581,6303724.950168494,5947743.107080633,4206685.180031025,4604394.125416611,5281478.484873829,4647185.44309304,5571998.216151093,6147632.479635239,5486209.880435221,4992946.936886528,5279227.655766516,4009950.9389537754
29.5,4627020.140810591,7056460.56405789,3898850.3734310325,4344516.103508776,5274545.471248338,4958876.981588855,5063299.654862664,5146409.09545699,5318463.546749346,5137054.819730036,4962450.009427591,6133501.537805557,6676239.323332758,6087739.522654274,4449327.27557191,4841421.649744265,5405628.701616808,4907304.8153955,5680536.369665435,6583897.378609397,5991702.7440964095,5208452.153742183,5510647.096232674,4184694.4125953442
29.75,4905164.762257634,7418299.3916852,4073246.0713472655,4618371.348522967,5559088.881256219,5202666.1944737,5251155.71554944,5427651.74174537,5608063.502175996,5390365.188644063,5158550.798945283,6495463.044808648,7203913.214285128,6293524.900826368,4715350.457446821,5077001.138415077,5653703.084160255,5338413.546584389,5856267.960968654,7052452.765868158,6482212.704939813,5479980.895002105,5775638.5461958395,4439724.6751951445
30.0,5177278.701043273,7771048.185900816,4234535.97250765,4949417.162100705,5885304.120552265,5402509.427676663,5480562.720068585,5786529.656604651,5955665.311184537,5743241.20365507,5429042.165802262,6896859.523309072,7851191.954455867,6437090.255654248,4932403.094932556,5240740.489631595,5822954.768171831,5704956.377595179,5898667.836772167,7344221.898704587,6995855.583781821,5729880.867238623,6043935.997350114,4660797.889313206
30.25,5507600.243269718,8338821.006435077,4349093.667966698,5315326.205102111,6147256.472892125,5660496.2010348635,5718412.355882385,6123138.465397806,6407736.619842645,6118687.947974985,5718061.10893238,7450078.7275331095,8590933.3684419,6463822.870963993,5219309.118807966,5450530.3761987975,6178112.480429216,6166823.686371919,6126744.095311482,7409528.288275286,7274409.010373491,5891445.837886926,6261239.436475465,4939212.337429451
30.5,5815071.2323908955,9012482.136764653,4496091.76534829,5594336.951525196,6435455.746296421,5853917.956505804,5919263.936750643,6557468.560160493,6798960.425967881,6562667.270755768,5964841.493624312,7846414.938691515,9209530.804929618,6549150.808537512,5534066.508416089,5570617.043078047,6489670.905238874,6533269.395780968,6166175.543946526,7444670.197756969,7794246.1669196505,6065427.515753486,6467295.051001404,5204571.238719044
30.75,6058412.968378298,9355111.71839339,4608455.046792695,5807688.043676463,6601685.028904134,6039525.948112257,6160658.048705361,6869494.762487007,7082071.329625968,6994831.465263136,6303867.005538623,8275064.465399944,9584929.793999238,6767083.499541081,5828751.100983158,5682874.036605199,6897242.445525545,7030070.541988922,6345373.807750471,7150784.0760959275,8295409.514402159,6277050.307049144,6560550.432124687,5495146.188681458
31.0,6368499.2737427335,9025128.877459144,4681883.119782708,5983895.910902456,6851679.748461925,6207145.702126128,6334983.948626258,7179689.57696747,7332715.116118056,7241324.350800139,6652737.239111409,8594830.007484667,9309108.736507012,6834770.547624242,6136541.549301609,5742536.198617415,7479366.745085341,7589798.814801823,6175222.930104631,6956521.84806055,8782960.045161566,6393456.680070068,6762516.227017143,5777482.720850337
31.25,6695935.587981253,8574259.312722016,4844845.4989639055,6190807.856808316,6959165.177870722,6440529.396134059,6486201.2702902015,7455843.592880134,7684152.971012346,7485112.856507734,7012725.145894889,8970345.357877096,8785478.54532658,7108250.6707238285,6543243.860667373,5885862.9186853925,8003516.981266253,8203213.492744677,6121337.337001974,6518815.444605394,9209900.241585067,6650475.533742847,7043536.157323086,6249441.7553912075
31.5,7020509.692286058,7219535.241212845,5066121.37020377,6271726.2805289645,6922976.50703644,6596459.524652943,6666716.478283217,7636787.294897426,7913163.161045595,7592702.574328163,7391388.403092992,8642841.943588026,7704182.082790837,7131110.476768436,6992008.123888883,5986580.484199639,8401188.745760195,8472609.557499567,5828030.720625733,5905066.344951514,9188919.826732982,6909435.695998684,7273804.145325921,6557369.135467125
31.75,7394796.845048211,5298435.339536984,5348513.7135380255,6410802.3659399785,6931806.76562604,6757763.348134358,6860180.456419743,7883925.097119591,8109805.114166144,7826149.18767039,7675950.37649513,7235602.75244499,5957356.55159066,7184384.774066289,7475944.600850655,6055378.051548756,8379544.457131241,9048375.90915813,5784712.641293786,4997241.296299501,8908461.808728537,7175302.919370998,7465713.169888121,6997098.162326234
32.0,7754075.333228487,3513702.0365580874,5653051.562612245,6568983.826733329,7054606.064270829,6820114.300149629,6954364.851185481,8088664.882875096,8338159.840662639,8092193.808766278,8008705.177992792,4989775.7135477355,4050092.654160066,7038794.473250187,7910445.223570853,6220814.983405084,7432842.660189715,9163786.070278283,5654332.602795572,4013118.6607816294,7938453.581339692,7273653.789834282,7504272.003038175,7383329.134724473
32.25,7908513.4499470685,2279822.680077807,6032848.4867938645,6776820.470091444,7298392.103862474,6970761.553558928,7153148.366162444,8030786.965824358,8150246.127179001,8274904.959268859,8469951.529792324,2843887.2993258853,2510641.415530985,6797610.267097762,8249181.929629008,6352639.444809827,5748706.024683461,8959297.156011524,5427019.030738946,3010877.889345227,6551701.5998723,7560882.579688274,7210434.954635678,7883573.805368654
32.5,7833466.505501255,1527029.9860999426,6392297.722509905,6811580.285805904,7549144.985133836,7236959.914082845,7306737.2102162335,7641990.283506624,7422570.335732662,8179542.779707995,8505340.090610677,1593151.3742516835,1468810.7768235062,6327740.183451277,8556773.282117324,6386744.27244932,3755055.5550500695,8267212.319259644,5145032.905633002,2319641.0129476027,5095148.076158408,7591416.000636881,6842736.910897457,8331490.615925008
32.75,7866569.050858757,1024376.030770429,6805119.868061875,6890853.736731269,7656625.455744021,7207337.654910463,7573382.992285179,6934080.767011354,6449978.040161075,7523380.644970634,8295451.7748726355,658368.5603144674,837668.6602116209,5517853.3656459,8496429.273793017,6422141.764483019,1989119.2305195548,7483713.549570893,4445626.7433635825,1816099.4421241067,3779587.1088770665,7158340.582705411,6242956.416282654,8598399.875034679
33.0,7627451.583239873,613764.3481705984,7309765.914994732,6967770.075090004,7572007.211930998,7158248.960659258,7528590.25127642,5811885.71374529,5061526.185041254,6340574.672823531,7940658.456752719,207406.78836625995,461728.20367188886,3969627.574944583,8083166.273525065,6435164.323304784,778205.761873303,6500613.372757883,3263789.4296127665,1345429.3696199474,2737795.8897518967,6518463.278126572,5269481.211393877,8494330.78056139
33.25,7007271.627950668,407986.02882684075,7891546.431731195,7075638.048771598,7386522.242048379,6884519.128309192,7276206.4790704325,4513414.077816414,3519183.5253924746,4926015.252107793,7344440.556405906,73525.05300412033,191143.4006950494,2331510.280365221,7401479.691929268,6201136.6961772805,286358.7717279376,5377178.346715233,2356865.6588230133,938078.4043419,1976337.123690634,5473718.703490575,4022649.341416908,8058072.132184231
33.5,6152563.617530013,236815.82878100078,8465309.429623922,6993723.868640495,7054521.01455411,6341806.033071922,6192259.650361032,3211368.4992186227,2150293.348616282,3447766.8292225925,6436201.974564119,39545.44483705,83447.69621201718,1058554.6347300212,6398514.750587868,5826568.214551926,133629.7390351151,4178341.172982476,1625499.564137141,627375.4581050295,1378427.3097854382,4020279.053007473,2592026.51125301,7284391.252045372
33.75,4861511.823124741,110513.0439710617,8710812.398969477,6743988.972705668,6210366.748697339,5349244.5208453555,4502645.461398905,2225955.829493956,1211312.6106996248,2238325.677086512,5317788.733395027,21101.289890751694,45199.91298311407,381472.36654587946,4976085.93002169,5242723.9310298115,61645.984788432266,3079477.19033721,1129527.2767233993,422994.16196967615,938602.2653564684,2288431.338328853,1363642.069332643,6006490.757015864
34.0,3390344.3206736245,46027.384149678546,8540904.251501603,6313379.2403782355,4504814.014492497,3882685.586546291,2858964.37626226,1399364.7816803094,699590.326920307,1338043.5892603903,3969440.3157465965,12892.914196996979,18175.79688199361,149209.2142166369,3426313.218005845,4624462.582465374,32777.70141064037,2052737.5867918767,697140.4990675377,278005.5033604593,660918.2189568029,1099041.2072531383,642503.2202963396,4823291.167557109
34.25,2305467.3197439946,22025.42357489268,7795679.184721687,5952170.332246723,2360217.339753469,2485282.3619364537,1533469.3029332017,852421.0486554232,365013.79059479455,727252.6354407108,2533641.8187614786,9160.09235942725,11434.611076123787,68408.25479310931,2264800.5874813544,3426357.3778335107,16758.560049808388,1242710.5564617966,401833.8691836848,176398.34665078827,477667.08624117303,539445.0667655251,265933.53561777057,3524910.685325565
34.5,1558574.4155291356,10242.208125432333,6876853.377365343,5329854.424628865,1071229.2220344543,1461435.7803936005,803876.3087854097,480948.3352705638,178284.68698617184,410215.79086419306,1478027.5448284727,7815.520306500522,4774.084508722479,43283.79517115968,1547565.660318317,2252678.0505465884,12314.308497053204,750782.5517295491,242326.1919159167,122134.36192824623,338819.10070147656,275204.0570686225,112321.37350041939,2335487.638112617
34.75,1141234.4343102195,5068.924966430664,5460749.822937763,4161334.749234633,409274.9802877253,784712.0902800127,385658.8037267165,253649.07837087457,80801.91297369292,220967.4109071096,835174.5500410831,5866.200271201857,3348.255351904667,36516.1322442835,1044159.7162532806,1239202.8093599263,12428.770886796894,448397.98736867035,108643.0142621705,74221.08002760916,243918.04947425378,129427.09314282735,57653.93404215032,1502262.7371285178
35.0,788101.8304842747,2150.0632117589316,3659840.0568374866,2570365.140735684,172958.30630354446,378853.349898714,192699.71889414932,137453.84574560684,44492.30917786107,115895.10189854015,482347.42747364624,4755.741289947972,2478.194369171605,28841.579990213566,684578.1101630818,588948.5382944165,9801.242101495916,289837.3253667427,57579.587708386505,49703.56226094564,180008.94639032538,61054.64304392265,41237.29522115534,1005218.99782464
35.25,528937.6398103309,890.0922782897949,2137642.3101203223,1398680.0385717913,88774.35613204494,201335.2196556438,102585.58726351189,77397.39295109836,30378.960942875256,79535.24254498337,259097.76065953574,2493.3499269774466,1679.032575896292,27294.022314765236,471549.3844723557,281941.4159934304,10298.87453882622,180080.02842215335,37127.010829752144,34657.86313137864,119249.48607045953,30263.553098851986,31483.175038077614,670861.9271039674
35.5,332709.2275027073,,1192159.932431481,554343.5889712825,49277.66368131927,118343.02370094531,54294.802484974716,45457.44267920292,20950.889338926834,48561.38915362502,124788.36287232602,212.4877125711152,468.4277874917695,24253.983577497078,314001.66734683875,148870.23018357248,10085.58347413034,118932.65381922867,21648.783072211525,31171.158599564522,87391.16593823288,21165.04412616383,23183.30084690903,476150.51989283704
35.75,215293.72796723337,71.54904715220134,680059.8001235615,179322.11441155637,30259.590434103302,75069.29344379541,33076.413663112755,36905.71383071668,18338.719603394016,35517.73014230439,67377.88445461157,,,21876.615258187958,222408.93050303604,85669.42072550456,7897.65201031078,79729.40289925084,8936.650356003733,23035.069318713562,67390.28323127284,15148.253693840721,18105.43266279047,325431.40817405237
36.0,147221.46008549313,,390618.5980437886,58425.45612115571,24133.400585405754,47279.34717062748,26423.984022371696,31138.564397176106,14636.475924925371,30755.509209603973,46836.722470659195,,604.1973327867912,14762.534624215328,157956.81337437485,51693.894855903854,6924.229001652111,59360.9507076379,3859.3168707760897,20868.778989676273,47759.61090925968,9327.726223627726,12765.199374170013,239476.12158151108
36.25,98739.79499695518,,237016.73538693515,22433.97355044972,22104.1636764064,28722.906813188034,18977.05417101311,24273.99503991098,9932.174883293383,31193.707899556015,32135.433871702713,,604.8337645097213,8892.052459081015,116563.23399214311,38301.99617137331,6106.271879947547,37956.15322297992,2237.066757548939,15962.55562579993,37001.72523365599,8576.987526633522,7610.021123770512,169683.25405190207
36.5,75870.75441256436,,156829.81958296805,16919.871753056843,25994.99450036251,21958.018170790237,16637.94590504964,19546.85800974297,6805.430498123169,25518.054751482876,26699.87049149022,,150.97665000684333,9021.386853420374,84679.1564018943,23662.651742299397,3885.7786381461406,30546.295456626198,1436.6150727127538,11553.46385198651,27032.903546246616,7799.965137366093,4490.654847405173,118720.8805513671
36.75,55701.02576371395,,97399.1548538208,9296.737760948412,31197.268693345966,17676.23583545107,12096.397209283077,18251.73680814107,4092.8593695091477,18837.26970684167,22125.644179084084,,,6898.484521750248,60966.53559783011,16223.243970408585,2675.14770004966,23154.71297050245,528.2002682541356,9224.903262225065,24265.441376830593,5631.543645569773,2087.603347200336,85843.06040024036
37.0,41676.3611761151,,56669.96557339755,7249.391857147217,30832.00776643464,13854.285465991858,7728.1098319544935,13530.554300655018,1737.9126447619815,13218.817404024529,17011.869755947228,,,7336.943332440926,43454.461937702064,10877.172701228748,2389.161389090798,21572.842533747356,174.8886808915572,7206.097467422485,20947.449862335667,5225.7462380149145,1178.4042465325558,58804.2178216992
37.25,33608.5675795584,,37234.920888207176,4366.596971280647,22993.194461302322,10276.978186867454,4007.8791998082943,9084.325057463213,1008.5477863658558,8480.476084102283,15509.463046507402,,,5196.82785802899,33365.56174110644,7274.819466330789,880.7608975497159,12166.936261552753,174.8886809493556,5681.2087224902525,17162.89381154378,4323.2058566700325,968.0002514810274,46347.33587212996
37.5,29399.677457058067,,24342.408957394688,2566.813610308098,17263.596868572815,8255.015327049025,3888.4438790986032,5500.13719477798,429.4569712552157,4657.417567455407,10335.474184267448,,,5549.613155942975,29832.0208977208,5402.531975601659,242.30316179448909,6673.348354224003,87.73727942958023,5285.257738806985,12564.512967716564,2787.728972637292,68.83423406427556,34750.96262660171
37.75,23205.624339248196,,17322.78355361476,1382.3438689491966,14122.529353575273,9010.691694837627,2294.363995407567,2609.8508554516416,196.82075662323922,2116.3790328863897,9445.487660552517,,,3454.8279758222175,26059.13450842193,4333.110573046135,,2333.3994466030235,,4888.246961593628,12485.216068556814,1685.8060817718506,,28714.172190926292
38.0,16256.694775321266,,9563.276516943268,735.510787154689,8988.040008718317,6115.7845074046745,889.4965003620495,1479.8286520640056,5.350696794914477,994.7469999139959,6749.197007265958,,,2221.679654150298,25198.865427595196,3230.54844642408,,1963.2771872318153,,3058.8097426096597,10071.838362029104,1048.6004434643369,,25645.344528891823
38.25,14575.444796533295,,6056.823436448069,195.72550004901308,8785.904532577053,4322.506673119285,596.4702626430627,218.26991982893512,,557.8783962943337,3431.332175168124,,,1129.438169594967,26968.568660273697,2602.449808062929,,392.65542683456886,,2280.245732278535,6844.854917468447,834.8936382062508,,25869.06697400411
38.5,12070.406166481249,,5204.815370617491,,7390.159284071488,4033.4771818681197,226.43099264665082,142.17808012528852,,268.27602727485424,2824.1092385956736,,,243.97660729379365,28077.727513977974,2168.2407060680966,,,,1732.7967114882035,5228.848731012055,415.1658917051373,,23466.491373755714
38.75,6836.688912651755,,3844.632482239694,,5845.519180760239,2317.970403440071,378.49046238985926,,,151.15341354138923,1421.2574352495599,,,48.9171493992661,29906.23799751744,1465.734136581421,,,,1474.0489554549708,5192.617968299172,484.00012571161443,,27959.458437543926
39.0,5501.851269808682,,2456.3832269726377,,5293.420366402828,1735.7858681534276,76.0382250583533,,,,711.6911984067974,,,,24678.426757581306,571.8093803290164,,,,789.4518491571599,5108.00843111674,206.50270219282672,,28863.05539703369
39.25,2401.4801924734406,,3067.611478689945,,4398.961902329416,1448.4315242767334,,,,,141.16789985425544,,,,20353.125828482887,704.2540495323412,,,,902.8633017684474,4536.980280442672,,,26773.956401709354
39.5,612.9320467746619,,2534.8708605910792,,2765.305719491207,599.8598070433645,,,,,,,,,14794.884733431267,68.97478912815903,,,,189.49167777552748,6358.121149294304,,,23804.98796347416
